{
  "AQI": 5,
  "Latitude": 28.6995123,
  "Longitude": 77.1301047
}
